date,listeners,streams,followers
2019-08-22,345,494,483
2019-08-21,518,689,483
2019-08-20,510,721,480
2019-08-19,449,812,477
2019-08-18,326,428,477
2019-08-17,409,676,476
2019-08-16,432,619,475
2019-08-15,506,720,474
2019-08-14,462,583,471
2019-08-13,571,781,469
2019-08-12,595,735,469
2019-08-11,347,445,468
2019-08-10,345,442,468
2019-08-09,453,607,466
2019-08-08,483,653,463
2019-08-07,423,622,460
2019-08-06,446,617,458
2019-08-05,468,603,456
2019-08-04,303,375,455
2019-08-03,403,494,455
2019-08-02,413,495,455
2019-08-01,419,518,456
2019-07-31,425,595,452
2019-07-30,442,572,450
2019-07-29,442,617,448
2019-07-28,388,502,447
2019-07-27,422,599,447
2019-07-26,529,726,447
2019-07-25,557,916,446
2019-07-24,590,875,442
2019-07-23,598,804,437
2019-07-22,576,817,436
2019-07-21,443,581,433
2019-07-20,412,522,432
2019-07-19,578,741,433
2019-07-18,631,835,432
2019-07-17,618,825,430
2019-07-16,703,959,430
2019-07-15,700,890,429
2019-07-14,486,632,427
2019-07-13,530,716,426
2019-07-12,652,961,425
2019-07-11,688,946,425
2019-07-10,704,975,423
2019-07-09,686,909,421
2019-07-08,731,1090,420
2019-07-07,551,717,418
2019-07-06,580,813,417
2019-07-05,704,960,415
2019-07-04,807,1020,414
2019-07-03,909,1232,414
2019-07-02,1037,1451,413
2019-07-01,1096,1484,412
2019-06-30,643,918,408
2019-06-29,692,985,400
2019-06-28,912,1313,398
2019-06-27,835,1262,394
2019-06-26,945,1284,388
2019-06-25,972,1371,383
2019-06-24,1035,1404,375
2019-06-23,789,1053,372
2019-06-22,834,1108,368
2019-06-21,1078,1461,367
2019-06-20,1181,1609,364
2019-06-19,1086,1530,353
2019-06-18,1273,2043,352
2019-06-17,1121,1680,344
2019-06-16,738,1103,333
2019-06-15,805,1343,328
2019-06-14,1089,2025,323
2019-06-13,360,476,319
2019-06-12,492,607,318
2019-06-11,526,627,316
2019-06-10,511,614,316
2019-06-09,348,399,315
2019-06-08,340,392,313
2019-06-07,421,515,313
2019-06-06,507,576,312
2019-06-05,366,439,310
2019-06-04,426,535,309
2019-06-03,434,555,308
2019-06-02,371,426,307
2019-06-01,464,568,307
2019-05-31,650,761,307
2019-05-30,749,907,307
2019-05-29,814,997,307
2019-05-28,1027,1333,306
2019-05-27,501,565,303
2019-05-26,438,484,304
2019-05-25,496,557,303
2019-05-24,780,917,302
2019-05-23,547,691,300
2019-05-22,427,578,300
2019-05-21,527,647,298
2019-05-20,506,634,298
2019-05-19,352,416,297
2019-05-18,328,415,297
2019-05-17,501,597,297
2019-05-16,602,723,297
2019-05-15,581,705,295
2019-05-14,626,771,295
2019-05-13,500,633,293
2019-05-12,501,601,291
2019-05-11,552,663,291
2019-05-10,689,841,291
2019-05-09,535,693,289
2019-05-08,617,776,288
2019-05-07,831,1045,288
2019-05-06,1140,1365,288
2019-05-05,395,460,287
2019-05-04,415,574,287
2019-05-03,673,799,287
2019-05-02,699,856,286
2019-05-01,670,816,283
2019-04-30,486,594,282
2019-04-29,546,717,281
2019-04-28,396,471,281
2019-04-27,377,441,280
2019-04-26,377,458,278
2019-04-25,708,833,277
2019-04-24,253,309,277
2019-04-23,323,402,277
2019-04-22,258,331,276
2019-04-21,194,226,276
2019-04-20,287,364,278
2019-04-19,387,488,278
2019-04-18,549,654,278
2019-04-17,781,961,277
2019-04-16,735,909,276
2019-04-15,547,690,275
2019-04-14,475,566,274
2019-04-13,384,444,273
2019-04-12,539,653,272
2019-04-11,491,652,272
2019-04-10,544,719,270
2019-04-09,629,802,265
2019-04-08,718,907,265
2019-04-07,261,350,265
2019-04-06,315,392,265
2019-04-05,603,791,264
2019-04-04,600,727,264
2019-04-03,678,814,264
2019-04-02,779,1022,260
2019-04-01,670,882,259
2019-03-31,439,530,259
2019-03-30,426,509,259
2019-03-29,502,616,259
2019-03-28,737,868,259
2019-03-27,531,631,258
2019-03-26,499,728,257
2019-03-25,527,679,257
2019-03-24,451,524,257
2019-03-23,498,590,257
2019-03-22,549,670,257
2019-03-21,709,894,256
2019-03-20,679,785,256
2019-03-19,372,475,256
2019-03-18,461,574,255
2019-03-17,457,529,254
2019-03-16,434,521,254
2019-03-15,394,497,254
2019-03-14,577,727,254
2019-03-13,539,652,254
2019-03-12,492,683,254
2019-03-11,825,1006,254
2019-03-10,519,618,253
2019-03-09,445,582,252
2019-03-08,524,707,253
2019-03-07,885,1143,252
2019-03-06,936,1192,250
2019-03-05,811,999,247
2019-03-04,745,994,246
2019-03-03,448,586,246
2019-03-02,395,539,244
2019-03-01,683,848,244
2019-02-28,644,903,241
2019-02-27,555,786,240
2019-02-26,794,945,240
2019-02-25,752,899,240
2019-02-24,728,861,238
2019-02-23,714,937,237
2019-02-22,845,998,236
2019-02-21,901,1118,235
2019-02-20,913,1086,234
2019-02-19,891,1079,234
2019-02-18,748,957,234
2019-02-17,547,619,234
2019-02-16,545,650,233
2019-02-15,649,859,233
2019-02-14,747,967,231
2019-02-13,666,901,227
2019-02-12,697,1119,227
2019-02-11,985,1393,227
2019-02-10,641,821,227
2019-02-09,682,805,226
2019-02-08,901,1061,225
2019-02-07,1130,1358,224
2019-02-06,950,1164,223
2019-02-05,868,1027,221
2019-02-04,1020,1221,220
2019-02-03,494,578,216
2019-02-02,644,767,216
2019-02-01,882,1049,215
2019-01-31,667,788,214
2019-01-30,896,1064,214
2019-01-29,903,1063,213
2019-01-28,674,856,213
2019-01-27,528,625,214
2019-01-26,521,655,214
2019-01-25,836,1034,214
2019-01-24,770,940,213
2019-01-23,876,1040,213
2019-01-22,779,1002,214
2019-01-21,714,925,214
2019-01-20,566,701,214
2019-01-19,562,659,214
2019-01-18,737,883,214
2019-01-17,911,1112,213
2019-01-16,977,1160,213
2019-01-15,961,1158,212
2019-01-14,898,1121,209
2019-01-13,597,733,205
2019-01-12,634,791,205
2019-01-11,839,984,205
2019-01-10,908,1080,203
2019-01-09,1008,1190,202
2019-01-08,1032,1240,202
2019-01-07,997,1163,198
2019-01-06,703,824,198
2019-01-05,754,933,197
2019-01-04,1158,1370,197
2019-01-03,1077,1326,197
2019-01-02,867,1062,195
2019-01-01,501,582,193
2018-12-31,616,725,193
2018-12-30,620,715,192
2018-12-29,579,733,190
2018-12-28,852,1023,190
2018-12-27,787,1012,186
2018-12-26,668,790,183
2018-12-25,514,616,182
2018-12-24,707,872,181
2018-12-23,780,1045,179
2018-12-22,1009,1261,177
2018-12-21,1642,1978,176
2018-12-20,1463,1837,173
2018-12-19,1826,2304,169
2018-12-18,1912,2394,162
2018-12-17,2044,2525,155
2018-12-16,693,867,149
2018-12-15,921,1146,149
2018-12-14,1780,2107,149
2018-12-13,1368,1710,148
2018-12-12,1024,1356,146
2018-12-11,1193,1550,143
2018-12-10,1470,1778,139
2018-12-09,569,669,137
2018-12-08,706,808,136
2018-12-07,808,945,136
2018-12-06,790,962,134
2018-12-05,968,1141,133
2018-12-04,857,1010,133
2018-12-03,935,1123,132
2018-12-02,536,693,131
2018-12-01,573,661,129
2018-11-30,909,1086,129
2018-11-29,1397,1662,128
2018-11-28,1384,1585,126
2018-11-27,1414,1605,123
2018-11-26,1200,1374,117
2018-11-25,869,1084,113
2018-11-24,974,1103,105
2018-11-23,695,800,101
2018-11-22,2,3,99
2018-11-21,2,2,99
2018-11-20,7,9,99
2018-11-19,3,4,99
2018-11-18,5,9,99
2018-11-17,4,7,99
2018-11-16,4,6,99
2018-11-15,5,9,99
2018-11-14,5,5,99
2018-11-13,6,6,99
2018-11-12,3,9,99
2018-11-11,5,12,99
2018-11-10,7,14,98
2018-11-09,6,17,98
2018-11-08,6,9,97
2018-11-07,7,27,97
2018-11-06,6,74,96
2018-11-05,4,13,96
2018-11-04,6,11,96
2018-11-03,3,6,96
2018-11-02,9,22,96
2018-11-01,8,11,96
2018-10-31,3,3,96
2018-10-30,6,7,96
2018-10-29,3,3,96
2018-10-28,4,7,96
2018-10-27,4,6,96
2018-10-26,7,7,96
2018-10-25,6,15,95
2018-10-24,9,17,95
2018-10-23,7,25,95
2018-10-22,7,12,95
2018-10-21,2,2,95
2018-10-20,4,8,95
2018-10-19,13,18,95
2018-10-18,8,15,95
2018-10-17,11,11,94
2018-10-16,8,10,94
2018-10-15,6,11,95
2018-10-14,7,12,95
2018-10-13,8,19,95
2018-10-12,10,15,95
2018-10-11,8,12,92
2018-10-10,6,9,91
2018-10-09,6,10,91
2018-10-08,6,7,91
2018-10-07,7,8,91
2018-10-06,8,20,90
2018-10-05,6,28,90
2018-10-04,8,11,90
2018-10-03,6,11,91
2018-10-02,6,11,90
2018-10-01,6,11,90
2018-09-30,9,18,90
2018-09-29,9,27,90
2018-09-28,9,46,90
2018-09-27,7,32,89
2018-09-26,7,14,88
2018-09-25,7,13,87
2018-09-24,9,12,86
2018-09-23,9,14,86
2018-09-22,4,5,86
2018-09-21,8,22,86
2018-09-20,8,21,86
2018-09-19,7,9,86
2018-09-18,5,6,86
2018-09-17,8,9,86
2018-09-16,8,14,86
2018-09-15,5,7,86
2018-09-14,5,11,86
2018-09-13,8,21,85
2018-09-12,6,15,85
2018-09-11,9,16,85
2018-09-10,7,14,83
2018-09-09,1,3,83
2018-09-08,7,9,83
2018-09-07,7,19,83
2018-09-06,6,17,83
2018-09-05,9,33,83
2018-09-04,9,19,83
2018-09-03,9,17,83
2018-09-02,8,10,83
2018-09-01,5,6,83
2018-08-31,14,30,82
2018-08-30,8,9,82
2018-08-29,9,16,82
2018-08-28,14,20,81
2018-08-27,11,20,80
2018-08-26,14,30,80
2018-08-25,6,14,79
2018-08-24,10,13,79
2018-08-23,11,19,79
2018-08-22,11,41,79
2018-08-21,13,24,78
2018-08-20,14,22,78
2018-08-19,12,18,78
2018-08-18,11,26,75
2018-08-17,13,26,73
2018-08-16,7,21,71
2018-08-15,5,17,71
2018-08-14,8,10,70
2018-08-13,7,12,70
2018-08-12,7,8,70
2018-08-11,10,10,70
2018-08-10,9,25,70
2018-08-09,12,12,70
2018-08-08,7,21,69
2018-08-07,6,13,69
2018-08-06,3,7,68
2018-08-05,10,21,68
2018-08-04,2,6,66
2018-08-03,5,9,66
2018-08-02,4,4,66
2018-08-01,7,22,66
2018-07-31,4,4,65
2018-07-30,4,9,65
2018-07-29,6,11,65
2018-07-28,2,2,65
2018-07-27,5,6,65
2018-07-26,5,5,64
2018-07-25,6,7,64
2018-07-24,12,16,64
2018-07-23,4,7,64
2018-07-22,2,4,64
2018-07-21,7,8,64
2018-07-20,5,11,64
2018-07-19,6,7,64
2018-07-18,9,15,64
2018-07-17,9,21,64
2018-07-16,1,2,63
2018-07-15,5,7,63
2018-07-14,7,14,63
2018-07-13,3,3,63
2018-07-12,4,9,62
2018-07-11,8,21,62
2018-07-10,4,4,62
2018-07-09,6,11,62
2018-07-08,8,16,62
2018-07-07,5,12,61
2018-07-06,5,11,61
2018-07-05,9,32,60
2018-07-04,6,8,58
2018-07-03,4,8,58
2018-07-02,1,2,58
2018-07-01,3,5,58
2018-06-30,6,8,58
2018-06-29,4,4,57
2018-06-28,6,25,57
2018-06-27,4,6,57
2018-06-26,7,25,57
2018-06-25,7,40,58
2018-06-24,4,28,58
2018-06-23,5,6,58
2018-06-22,7,16,58
2018-06-21,11,37,58
2018-06-20,6,25,58
2018-06-19,3,3,58
2018-06-18,9,56,58
2018-06-17,8,54,57
2018-06-16,11,41,56
2018-06-15,4,6,56
2018-06-14,8,34,55
2018-06-13,4,6,55
2018-06-12,6,13,55
2018-06-11,11,13,55
2018-06-10,7,15,55
2018-06-09,5,8,55
2018-06-08,16,32,55
2018-06-07,2,2,55
2018-06-06,4,4,55
2018-06-05,4,9,55
2018-06-04,3,6,55
2018-06-03,3,9,55
2018-06-02,4,10,54
2018-06-01,4,40,53
2018-05-31,2,5,53
2018-05-30,4,10,53
2018-05-29,2,2,53
2018-05-28,3,4,53
2018-05-27,5,6,53
2018-05-26,2,2,53
2018-05-25,3,5,53
2018-05-24,4,5,53
2018-05-23,1,1,53
2018-05-22,6,6,53
2018-05-21,2,4,53
2018-05-20,3,4,53
2018-05-19,1,2,53
2018-05-18,4,11,52
2018-05-17,2,2,52
2018-05-16,3,3,52
2018-05-15,5,5,52
2018-05-14,2,4,52
2018-05-13,3,11,52
2018-05-12,9,17,52
2018-05-11,3,4,49
2018-05-10,2,2,48
2018-05-09,9,29,48
2018-05-08,5,11,45
2018-05-07,9,23,44
2018-05-06,0,0,43
2018-05-05,2,2,43
2018-05-04,1,1,43
2018-05-03,4,28,43
2018-05-02,4,33,43
2018-05-01,4,12,43
2018-04-30,0,0,43
2018-04-29,2,2,43
2018-04-28,2,2,43
2018-04-27,4,8,43
2018-04-26,6,18,43
2018-04-25,1,4,43
2018-04-24,2,2,43
2018-04-23,2,2,43
2018-04-22,3,6,43
2018-04-21,3,3,43
2018-04-20,5,7,43
2018-04-19,4,4,43
2018-04-18,5,14,43
2018-04-17,2,2,44
2018-04-16,1,1,44
2018-04-15,2,2,44
2018-04-14,2,2,44
2018-04-13,4,5,44
2018-04-12,9,21,44
2018-04-11,11,12,44
2018-04-10,12,12,44
2018-04-09,12,12,44
2018-04-08,7,7,44
2018-04-07,9,11,44
2018-04-06,14,20,44
2018-04-05,12,20,44
2018-04-04,12,36,44
2018-04-03,17,23,43
2018-04-02,18,29,43
2018-04-01,11,15,43
2018-03-31,8,14,43
2018-03-30,8,8,43
2018-03-29,10,12,43
2018-03-28,28,29,43
2018-03-27,18,20,43
2018-03-26,19,20,44
2018-03-25,21,36,43
2018-03-24,19,22,43
2018-03-23,14,17,43
2018-03-22,15,15,42
2018-03-21,18,24,42
2018-03-20,15,15,42
2018-03-19,12,15,42
2018-03-18,14,14,41
2018-03-17,7,27,41
2018-03-16,7,15,41
2018-03-15,9,9,41
2018-03-14,13,17,41
2018-03-13,15,26,41
2018-03-12,13,17,41
2018-03-11,15,28,41
2018-03-10,8,13,41
2018-03-09,2,2,41
2018-03-08,3,11,41
2018-03-07,1,1,41
2018-03-06,2,3,41
2018-03-05,0,0,41
2018-03-04,1,1,41
2018-03-03,2,2,41
2018-03-02,2,3,41
2018-03-01,2,3,41
2018-02-28,1,1,41
2018-02-27,1,1,41
2018-02-26,2,2,41
2018-02-25,3,8,41
2018-02-24,3,8,41
2018-02-23,5,10,41
2018-02-22,2,4,41
2018-02-21,2,2,41
2018-02-20,2,2,41
2018-02-19,2,4,41
2018-02-18,0,0,40
2018-02-17,1,3,40
2018-02-16,0,0,40
2018-02-15,0,0,40
2018-02-14,2,2,40
2018-02-13,3,3,40
2018-02-12,3,4,40
2018-02-11,1,1,40
2018-02-10,3,4,40
2018-02-09,1,1,40
2018-02-08,1,1,40
2018-02-07,5,7,40
2018-02-06,1,1,40
2018-02-05,3,5,40
2018-02-04,2,3,40
2018-02-03,1,1,40
2018-02-02,4,8,40
2018-02-01,1,2,40
2018-01-31,2,2,40
2018-01-30,5,6,39
2018-01-29,2,2,39
2018-01-28,2,3,39
2018-01-27,4,9,39
2018-01-26,0,0,39
2018-01-25,6,11,39
2018-01-24,4,40,38
2018-01-23,1,2,38
2018-01-22,3,5,37
2018-01-21,2,2,37
2018-01-20,3,10,37
2018-01-19,0,0,36
2018-01-18,3,3,36
2018-01-17,4,5,36
2018-01-16,1,1,36
2018-01-15,4,4,36
2018-01-14,2,2,36
2018-01-13,9,11,36
2018-01-12,7,7,36
2018-01-11,4,5,36
2018-01-10,8,8,36
2018-01-09,5,5,36
2018-01-08,7,8,36
2018-01-07,6,8,36
2018-01-06,7,9,36
2018-01-05,5,5,36
2018-01-04,5,5,36
2018-01-03,5,5,36
2018-01-02,6,8,36
2018-01-01,2,4,35
2017-12-31,3,6,35
2017-12-30,9,9,35
2017-12-29,5,21,35
2017-12-28,7,7,34
2017-12-27,6,11,34
2017-12-26,3,3,34
2017-12-25,2,2,34
2017-12-24,5,9,34
2017-12-23,5,8,33
2017-12-22,6,7,33
2017-12-21,7,8,33
2017-12-20,9,9,33
2017-12-19,11,11,33
2017-12-18,6,7,33
2017-12-17,2,2,33
2017-12-16,5,5,33
2017-12-15,5,8,33
2017-12-14,2,2,33
2017-12-13,5,9,33
2017-12-12,5,5,33
2017-12-11,4,5,33
2017-12-10,2,2,33
2017-12-09,8,17,33
2017-12-08,7,9,33
2017-12-07,8,13,33
2017-12-06,7,8,33
2017-12-05,11,15,33
2017-12-04,2,2,32
2017-12-03,2,18,32
2017-12-02,5,6,31
2017-12-01,5,10,31
2017-11-30,8,9,31
2017-11-29,4,9,31
2017-11-28,2,2,31
2017-11-27,5,18,31
2017-11-26,3,4,31
2017-11-25,3,7,31
2017-11-24,3,3,30
2017-11-23,7,16,30
2017-11-22,5,5,30
2017-11-21,6,7,30
2017-11-20,8,14,30
2017-11-19,2,3,30
2017-11-18,3,7,30
2017-11-17,1,1,30
2017-11-16,6,8,30
2017-11-15,4,6,30
2017-11-14,4,4,30
2017-11-13,6,6,29
2017-11-12,4,7,28
2017-11-11,4,5,28
2017-11-10,6,6,27
2017-11-09,5,6,27
2017-11-08,1,1,27
2017-11-07,5,14,27
2017-11-06,3,4,27
2017-11-05,2,2,27
2017-11-04,4,7,27
2017-11-03,4,4,27
2017-11-02,4,8,27
2017-11-01,2,2,27
2017-10-31,8,8,27
2017-10-30,4,4,27
2017-10-29,5,7,27
2017-10-28,3,5,26
2017-10-27,3,5,26
2017-10-26,3,5,26
2017-10-25,5,10,26
2017-10-24,5,6,25
2017-10-23,3,12,25
2017-10-22,2,2,25
2017-10-21,4,5,25
2017-10-20,5,9,24
2017-10-19,6,10,24
2017-10-18,7,8,24
2017-10-17,2,4,24
2017-10-16,4,6,24
2017-10-15,1,6,24
2017-10-14,1,1,24
2017-10-13,3,3,23
2017-10-12,6,11,23
2017-10-11,4,8,23
2017-10-10,4,7,23
2017-10-09,5,6,23
2017-10-08,3,3,23
2017-10-07,7,9,23
2017-10-06,6,9,23
2017-10-05,6,8,23
2017-10-04,6,7,23
2017-10-03,6,8,23
2017-10-02,4,6,23
2017-10-01,1,1,23
2017-09-30,1,1,23
2017-09-29,0,0,23
2017-09-28,2,2,23
2017-09-27,8,8,23
2017-09-26,4,10,23
2017-09-25,5,7,22
2017-09-24,4,6,22
2017-09-23,3,4,22
2017-09-22,6,6,22
2017-09-21,6,7,22
2017-09-20,5,6,22
2017-09-19,4,4,21
2017-09-18,4,6,21
2017-09-17,5,6,21
2017-09-16,6,14,21
2017-09-15,6,8,20
2017-09-14,6,8,20
2017-09-13,4,5,20
2017-09-12,7,11,20
2017-09-11,4,10,20
2017-09-10,4,4,20
2017-09-09,4,4,20
2017-09-08,2,2,20
2017-09-07,2,4,20
2017-09-06,2,5,20
2017-09-05,8,18,20
2017-09-04,2,6,19
2017-09-03,5,17,19
2017-09-02,3,7,19
2017-09-01,3,3,19
2017-08-31,4,4,19
2017-08-30,2,6,19
2017-08-29,5,6,19
2017-08-28,0,0,19
2017-08-27,4,5,18
2017-08-26,4,5,18
2017-08-25,10,12,18
2017-08-24,2,2,17
2017-08-23,6,22,17
2017-08-22,4,6,17
2017-08-21,3,3,17
2017-08-20,5,14,17
2017-08-19,2,4,17
2017-08-18,3,6,17
2017-08-17,8,10,17
2017-08-16,7,12,17
2017-08-15,3,3,17
2017-08-14,5,6,17
2017-08-13,3,4,17
2017-08-12,5,16,17
2017-08-11,4,5,17
2017-08-10,9,11,17
2017-08-09,5,6,16
2017-08-08,7,11,16
2017-08-07,3,3,16
2017-08-06,5,7,16
2017-08-05,2,2,16
2017-08-04,6,11,16
2017-08-03,7,12,16
2017-08-02,6,10,16
2017-08-01,9,14,16
2017-07-31,4,6,16
2017-07-30,8,11,16
2017-07-29,6,12,16
2017-07-28,5,6,16
2017-07-27,5,5,16
2017-07-26,8,9,16
2017-07-25,6,7,16
2017-07-24,2,2,16
2017-07-23,3,4,16
2017-07-22,4,4,16
2017-07-21,3,5,16
2017-07-20,5,5,16
2017-07-19,4,4,16
2017-07-18,9,14,15
2017-07-17,4,4,15
2017-07-16,4,6,15
2017-07-15,4,5,15
2017-07-14,4,5,15
2017-07-13,6,16,15
2017-07-12,5,5,15
2017-07-11,2,2,15
2017-07-10,4,10,15
2017-07-09,3,4,15
2017-07-08,8,9,14
2017-07-07,3,3,14
2017-07-06,2,6,14
2017-07-05,4,4,14
2017-07-04,2,4,14
2017-07-03,9,13,14
2017-07-02,7,11,14
2017-07-01,9,14,14
2017-06-30,2,2,14
2017-06-29,3,7,14
2017-06-28,10,22,13
2017-06-27,6,18,13
2017-06-26,3,6,13
2017-06-25,1,6,13
2017-06-24,2,3,13
2017-06-23,4,12,13
2017-06-22,0,0,13
2017-06-21,5,18,13
2017-06-20,2,15,13
2017-06-19,1,3,12
2017-06-18,1,3,12
2017-06-17,3,7,12
2017-06-16,2,7,12
2017-06-15,4,6,12
2017-06-14,3,8,11
2017-06-13,2,3,11
2017-06-12,2,15,11
2017-06-11,2,2,11
2017-06-10,1,1,11
2017-06-09,4,17,10
2017-06-08,1,2,10
2017-06-07,1,1,10
2017-06-06,1,2,10
2017-06-05,3,9,10
2017-06-04,2,6,10
2017-06-03,2,2,10
2017-06-02,4,25,10
2017-06-01,3,11,10
2017-05-31,2,10,10
2017-05-30,4,24,10
2017-05-29,2,9,10
2017-05-28,0,0,9
2017-05-27,1,1,9
2017-05-26,0,0,8
2017-05-25,1,1,8
2017-05-24,1,10,8
2017-05-23,2,3,8
2017-05-22,3,7,8
2017-05-21,1,1,8
2017-05-20,2,5,8
2017-05-19,1,6,8
2017-05-18,1,1,8
2017-05-17,2,4,8
2017-05-16,1,3,8
2017-05-15,2,3,8
2017-05-14,0,0,8
2017-05-13,2,3,8
2017-05-12,0,0,8
2017-05-11,0,0,8
2017-05-10,1,1,8
2017-05-09,3,6,8
2017-05-08,3,14,6
2017-05-07,2,2,6
2017-05-06,1,7,6
2017-05-05,2,7,6
2017-05-04,1,2,6
2017-05-03,3,15,6
2017-05-02,0,0,6
2017-05-01,1,5,6
2017-04-30,0,0,6
2017-04-29,1,11,6
2017-04-28,1,1,6
2017-04-27,1,9,6
2017-04-26,1,1,6
2017-04-25,1,3,6
2017-04-24,0,0,6
2017-04-23,2,5,6
2017-04-22,2,5,6
2017-04-21,0,0,6
2017-04-20,2,7,6
2017-04-19,4,12,6
2017-04-18,2,15,6
2017-04-17,1,3,6
2017-04-16,3,5,6
2017-04-15,1,5,6
2017-04-14,1,3,6
2017-04-13,2,2,6
2017-04-12,0,0,6
2017-04-11,1,2,6
2017-04-10,0,0,6
2017-04-09,1,12,6
2017-04-08,3,8,6
2017-04-07,2,14,5
2017-04-06,2,5,5
2017-04-05,2,7,5
2017-04-04,3,3,5
2017-04-03,3,7,5
2017-04-02,2,20,5
2017-04-01,1,2,5
2017-03-31,3,6,5
2017-03-30,2,5,5
2017-03-29,1,2,5
2017-03-28,2,4,5
2017-03-27,3,13,5
2017-03-26,2,3,3
2017-03-25,1,1,3
2017-03-24,2,10,3
2017-03-23,3,4,3
2017-03-22,1,1,2
2017-03-21,0,0,2
2017-03-20,2,3,2
2017-03-19,0,0,2
2017-03-18,0,0,2
2017-03-17,3,6,2
2017-03-16,2,5,2
2017-03-15,0,0,2
2017-03-14,2,6,2
2017-03-13,3,10,2
2017-03-12,0,0,2
2017-03-11,2,2,2
2017-03-10,5,9,2
2017-03-09,3,5,2
2017-03-08,1,1,2
2017-03-07,4,8,2
2017-03-06,3,14,2
2017-03-05,3,6,2
2017-03-04,2,2,1
2017-03-03,6,35,1
2017-03-02,6,35,1
2017-03-01,3,10,0
2017-02-28,0,0,0
2017-02-27,0,0,0
2017-02-26,0,0,0
2017-02-25,0,0,0
2017-02-24,0,0,0
2017-02-23,0,0,0
2017-02-22,0,0,0
2017-02-21,0,0,0
2017-02-20,0,0,0
2017-02-19,0,0,0
2017-02-18,0,0,0
2017-02-17,0,0,0
2017-02-16,0,0,0
2017-02-15,0,0,0
2017-02-14,0,0,0
2017-02-13,0,0,0
2017-02-12,0,0,0
2017-02-11,0,0,0
2017-02-10,0,0,0
2017-02-09,0,0,0
2017-02-08,0,0,0
2017-02-07,0,0,0
2017-02-06,0,0,0
2017-02-05,0,0,0
2017-02-04,0,0,0
2017-02-03,0,0,0
2017-02-02,0,0,0
2017-02-01,0,0,0
2017-01-31,0,0,0
2017-01-30,0,0,0
2017-01-29,0,0,0
2017-01-28,0,0,0
2017-01-27,0,0,0
2017-01-26,0,0,0
2017-01-25,0,0,0
2017-01-24,0,0,0
2017-01-23,0,0,0
2017-01-22,0,0,0
2017-01-21,0,0,0
2017-01-20,0,0,0
2017-01-19,0,0,0
2017-01-18,0,0,0
2017-01-17,0,0,0
2017-01-16,0,0,0
2017-01-15,0,0,0
2017-01-14,0,0,0
2017-01-13,0,0,0
2017-01-12,0,0,0
2017-01-11,0,0,0
2017-01-10,0,0,0
2017-01-09,0,0,0
2017-01-08,0,0,0
2017-01-07,0,0,0
2017-01-06,0,0,0
2017-01-05,0,0,0
2017-01-04,0,0,0
2017-01-03,0,0,0
2017-01-02,0,0,0
2017-01-01,0,0,0
2016-12-31,0,0,0
2016-12-30,0,0,0
2016-12-29,0,0,0
2016-12-28,0,0,0
2016-12-27,0,0,0
2016-12-26,0,0,0
2016-12-25,0,0,0
2016-12-24,0,0,0
2016-12-23,0,0,0
2016-12-22,0,0,0
2016-12-21,0,0,0
2016-12-20,0,0,0
2016-12-19,0,0,0
2016-12-18,0,0,0
2016-12-17,0,0,0
2016-12-16,0,0,0
2016-12-15,0,0,0
2016-12-14,0,0,0
2016-12-13,0,0,0
2016-12-12,0,0,0
2016-12-11,0,0,0
2016-12-10,0,0,0
2016-12-09,0,0,0
2016-12-08,0,0,0
2016-12-07,0,0,0
2016-12-06,0,0,0
2016-12-05,0,0,0
2016-12-04,0,0,0
2016-12-03,0,0,0
2016-12-02,0,0,0
2016-12-01,0,0,0
2016-11-30,0,0,0
2016-11-29,0,0,0
2016-11-28,0,0,0
2016-11-27,0,0,0
2016-11-26,0,0,0
2016-11-25,0,0,0
2016-11-24,0,0,0
2016-11-23,0,0,0
2016-11-22,0,0,0
2016-11-21,0,0,0
2016-11-20,0,0,0
2016-11-19,0,0,0
2016-11-18,0,0,0
2016-11-17,0,0,0
2016-11-16,0,0,0
2016-11-15,0,0,0
2016-11-14,0,0,0
2016-11-13,0,0,0
2016-11-12,0,0,0
2016-11-11,0,0,0
2016-11-10,0,0,0
2016-11-09,0,0,0
2016-11-08,0,0,0
2016-11-07,0,0,0
2016-11-06,0,0,0
2016-11-05,0,0,0
2016-11-04,0,0,0
2016-11-03,0,0,0
2016-11-02,0,0,0
2016-11-01,0,0,0
2016-10-31,0,0,0
2016-10-30,0,0,0
2016-10-29,0,0,0
2016-10-28,0,0,0
2016-10-27,0,0,0
2016-10-26,0,0,0
2016-10-25,0,0,0
2016-10-24,0,0,0
2016-10-23,0,0,0
2016-10-22,0,0,0
2016-10-21,0,0,0
2016-10-20,0,0,0
2016-10-19,0,0,0
2016-10-18,0,0,0
2016-10-17,0,0,0
2016-10-16,0,0,0
2016-10-15,0,0,0
2016-10-14,0,0,0
2016-10-13,0,0,0
2016-10-12,0,0,0
2016-10-11,0,0,0
2016-10-10,0,0,0
2016-10-09,0,0,0
2016-10-08,0,0,0
2016-10-07,0,0,0
2016-10-06,0,0,0
2016-10-05,0,0,0
2016-10-04,0,0,0
2016-10-03,0,0,0
2016-10-02,0,0,0
2016-10-01,0,0,0
2016-09-30,0,0,0
2016-09-29,0,0,0
2016-09-28,0,0,0
2016-09-27,0,0,0
2016-09-26,0,0,0
2016-09-25,0,0,0
2016-09-24,0,0,0
2016-09-23,0,0,0
2016-09-22,0,0,0
2016-09-21,0,0,0
2016-09-20,0,0,0
2016-09-19,0,0,0
2016-09-18,0,0,0
2016-09-17,0,0,0
2016-09-16,0,0,0
2016-09-15,0,0,0
2016-09-14,0,0,0
2016-09-13,0,0,0
2016-09-12,0,0,0
2016-09-11,0,0,0
2016-09-10,0,0,0
2016-09-09,0,0,0
2016-09-08,0,0,0
2016-09-07,0,0,0
2016-09-06,0,0,0
2016-09-05,0,0,0
2016-09-04,0,0,0
2016-09-03,0,0,0
2016-09-02,0,0,0
2016-09-01,0,0,0
2016-08-31,0,0,0
2016-08-30,0,0,0
2016-08-29,0,0,0
2016-08-28,0,0,0
2016-08-27,0,0,0
2016-08-26,0,0,0
2016-08-25,0,0,0
2016-08-24,0,0,0
2016-08-23,0,0,0
2016-08-22,0,0,0
2016-08-21,0,0,0
2016-08-20,0,0,0
2016-08-19,0,0,0
2016-08-18,0,0,0
2016-08-17,0,0,0
2016-08-16,0,0,0
2016-08-15,0,0,0
2016-08-14,0,0,0
2016-08-13,0,0,0
2016-08-12,0,0,0
2016-08-11,0,0,0
2016-08-10,0,0,0
2016-08-09,0,0,0
2016-08-08,0,0,0
2016-08-07,0,0,0
2016-08-06,0,0,0
2016-08-05,0,0,0
2016-08-04,0,0,0
2016-08-03,0,0,0
2016-08-02,0,0,0
2016-08-01,0,0,0
2016-07-31,0,0,0
2016-07-30,0,0,0
2016-07-29,0,0,0
2016-07-28,0,0,0
2016-07-27,0,0,0
2016-07-26,0,0,0
2016-07-25,0,0,0
2016-07-24,0,0,0
2016-07-23,0,0,0
2016-07-22,0,0,0
2016-07-21,0,0,0
2016-07-20,0,0,0
2016-07-19,0,0,0
2016-07-18,0,0,0
2016-07-17,0,0,0
2016-07-16,0,0,0
2016-07-15,0,0,0
2016-07-14,0,0,0
2016-07-13,0,0,0
2016-07-12,0,0,0
2016-07-11,0,0,0
2016-07-10,0,0,0
2016-07-09,0,0,0
2016-07-08,0,0,0
2016-07-07,0,0,0
2016-07-06,0,0,0
2016-07-05,0,0,0
2016-07-04,0,0,0
2016-07-03,0,0,0
2016-07-02,0,0,0
2016-07-01,0,0,0
2016-06-30,0,0,0
2016-06-29,0,0,0
2016-06-28,0,0,0
2016-06-27,0,0,0
2016-06-26,0,0,0
2016-06-25,0,0,0
2016-06-24,0,0,0
2016-06-23,0,0,0
2016-06-22,0,0,0
2016-06-21,0,0,0
2016-06-20,0,0,0
2016-06-19,0,0,0
2016-06-18,0,0,0
2016-06-17,0,0,0
2016-06-16,0,0,0
2016-06-15,0,0,0
2016-06-14,0,0,0
2016-06-13,0,0,0
2016-06-12,0,0,0
2016-06-11,0,0,0
2016-06-10,0,0,0
2016-06-09,0,0,0
2016-06-08,0,0,0
2016-06-07,0,0,0
2016-06-06,0,0,0
2016-06-05,0,0,0
2016-06-04,0,0,0
2016-06-03,0,0,0
2016-06-02,0,0,0
2016-06-01,0,0,0
2016-05-31,0,0,0
2016-05-30,0,0,0
2016-05-29,0,0,0
2016-05-28,0,0,0
2016-05-27,0,0,0
2016-05-26,0,0,0
2016-05-25,0,0,0
2016-05-24,0,0,0
2016-05-23,0,0,0
2016-05-22,0,0,0
2016-05-21,0,0,0
2016-05-20,0,0,0
2016-05-19,0,0,0
2016-05-18,0,0,0
2016-05-17,0,0,0
2016-05-16,0,0,0
2016-05-15,0,0,0
2016-05-14,0,0,0
2016-05-13,0,0,0
2016-05-12,0,0,0
2016-05-11,0,0,0
2016-05-10,0,0,0
2016-05-09,0,0,0
2016-05-08,0,0,0
2016-05-07,0,0,0
2016-05-06,0,0,0
2016-05-05,0,0,0
2016-05-04,0,0,0
2016-05-03,0,0,0
2016-05-02,0,0,0
2016-05-01,0,0,0
2016-04-30,0,0,0
2016-04-29,0,0,0
2016-04-28,0,0,0
2016-04-27,0,0,0
2016-04-26,0,0,0
2016-04-25,0,0,0
2016-04-24,0,0,0
2016-04-23,0,0,0
2016-04-22,0,0,0
2016-04-21,0,0,0
2016-04-20,0,0,0
2016-04-19,0,0,0
2016-04-18,0,0,0
2016-04-17,0,0,0
2016-04-16,0,0,0
2016-04-15,0,0,0
2016-04-14,0,0,0
2016-04-13,0,0,0
2016-04-12,0,0,0
2016-04-11,0,0,0
2016-04-10,0,0,0
2016-04-09,0,0,0
2016-04-08,0,0,0
2016-04-07,0,0,0
2016-04-06,0,0,0
2016-04-05,0,0,0
2016-04-04,0,0,0
2016-04-03,0,0,0
2016-04-02,0,0,0
2016-04-01,0,0,0
2016-03-31,0,0,0
2016-03-30,0,0,0
2016-03-29,0,0,0
2016-03-28,0,0,0
2016-03-27,0,0,0
2016-03-26,0,0,0
2016-03-25,0,0,0
2016-03-24,0,0,0
2016-03-23,0,0,0
2016-03-22,0,0,0
2016-03-21,0,0,0
2016-03-20,0,0,0
2016-03-19,0,0,0
2016-03-18,0,0,0
2016-03-17,0,0,0
2016-03-16,0,0,0
2016-03-15,0,0,0
2016-03-14,0,0,0
2016-03-13,0,0,0
2016-03-12,0,0,0
2016-03-11,0,0,0
2016-03-10,0,0,0
2016-03-09,0,0,0
2016-03-08,0,0,0
2016-03-07,0,0,0
2016-03-06,0,0,0
2016-03-05,0,0,0
2016-03-04,0,0,0
2016-03-03,0,0,0
2016-03-02,0,0,0
2016-03-01,0,0,0
2016-02-29,0,0,0
2016-02-28,0,0,0
2016-02-27,0,0,0
2016-02-26,0,0,0
2016-02-25,0,0,0
2016-02-24,0,0,0
2016-02-23,0,0,0
2016-02-22,0,0,0
2016-02-21,0,0,0
2016-02-20,0,0,0
2016-02-19,0,0,0
2016-02-18,0,0,0
2016-02-17,0,0,0
2016-02-16,0,0,0
2016-02-15,0,0,0
2016-02-14,0,0,0
2016-02-13,0,0,0
2016-02-12,0,0,0
2016-02-11,0,0,0
2016-02-10,0,0,0
2016-02-09,0,0,0
2016-02-08,0,0,0
2016-02-07,0,0,0
2016-02-06,0,0,0
2016-02-05,0,0,0
2016-02-04,0,0,0
2016-02-03,0,0,0
2016-02-02,0,0,0
2016-02-01,0,0,0
2016-01-31,0,0,0
2016-01-30,0,0,0
2016-01-29,0,0,0
2016-01-28,0,0,0
2016-01-27,0,0,0
2016-01-26,0,0,0
2016-01-25,0,0,0
2016-01-24,0,0,0
2016-01-23,0,0,0
2016-01-22,0,0,0
2016-01-21,0,0,0
2016-01-20,0,0,0
2016-01-19,0,0,0
2016-01-18,0,0,0
2016-01-17,0,0,0
2016-01-16,0,0,0
2016-01-15,0,0,0
2016-01-14,0,0,0
2016-01-13,0,0,0
2016-01-12,0,0,0
2016-01-11,0,0,0
2016-01-10,0,0,0
2016-01-09,0,0,0
2016-01-08,0,0,0
2016-01-07,0,0,0
2016-01-06,0,0,0
2016-01-05,0,0,0
2016-01-04,0,0,0
2016-01-03,0,0,0
2016-01-02,0,0,0
2016-01-01,0,0,0
2015-12-31,0,0,0
2015-12-30,0,0,0
2015-12-29,0,0,0
2015-12-28,0,0,0
2015-12-27,0,0,0
2015-12-26,0,0,0
2015-12-25,0,0,0
2015-12-24,0,0,0
2015-12-23,0,0,0
2015-12-22,0,0,0
2015-12-21,0,0,0
2015-12-20,0,0,0
2015-12-19,0,0,0
2015-12-18,0,0,0
2015-12-17,0,0,0
2015-12-16,0,0,0
2015-12-15,0,0,0
2015-12-14,0,0,0
2015-12-13,0,0,0
2015-12-12,0,0,0
2015-12-11,0,0,0
2015-12-10,0,0,0
2015-12-09,0,0,0
2015-12-08,0,0,0
2015-12-07,0,0,0
2015-12-06,0,0,0
2015-12-05,0,0,0
2015-12-04,0,0,0
2015-12-03,0,0,0
2015-12-02,0,0,0
2015-12-01,0,0,0
2015-11-30,0,0,0
2015-11-29,0,0,0
2015-11-28,0,0,0
2015-11-27,0,0,0
2015-11-26,0,0,0
2015-11-25,0,0,0
2015-11-24,0,0,0
2015-11-23,0,0,0
2015-11-22,0,0,0
2015-11-21,0,0,0
2015-11-20,0,0,0
2015-11-19,0,0,0
2015-11-18,0,0,0
2015-11-17,0,0,0
2015-11-16,0,0,0
2015-11-15,0,0,0
2015-11-14,0,0,0
2015-11-13,0,0,0
2015-11-12,0,0,0
2015-11-11,0,0,0
2015-11-10,0,0,0
2015-11-09,0,0,0
2015-11-08,0,0,0
2015-11-07,0,0,0
2015-11-06,0,0,0
2015-11-05,0,0,0
2015-11-04,0,0,0
2015-11-03,0,0,0
2015-11-02,0,0,0
2015-11-01,0,0,0
2015-10-31,0,0,0
2015-10-30,0,0,0
2015-10-29,0,0,0
2015-10-28,0,0,0
2015-10-27,0,0,0
2015-10-26,0,0,0
2015-10-25,0,0,0
2015-10-24,0,0,0
2015-10-23,0,0,0
2015-10-22,0,0,0
2015-10-21,0,0,0
2015-10-20,0,0,0
2015-10-19,0,0,0
2015-10-18,0,0,0
2015-10-17,0,0,0
2015-10-16,0,0,0
2015-10-15,0,0,0
2015-10-14,0,0,0
2015-10-13,0,0,0
2015-10-12,0,0,0
2015-10-11,0,0,0
2015-10-10,0,0,0
2015-10-09,0,0,0
2015-10-08,0,0,0
2015-10-07,0,0,0
2015-10-06,0,0,0
2015-10-05,0,0,0
2015-10-04,0,0,0
2015-10-03,0,0,0
2015-10-02,0,0,0
2015-10-01,0,0,0
2015-09-30,0,0,0
2015-09-29,0,0,0
2015-09-28,0,0,0
2015-09-27,0,0,0
2015-09-26,0,0,0
2015-09-25,0,0,0
2015-09-24,0,0,0
2015-09-23,0,0,0
2015-09-22,0,0,0
2015-09-21,0,0,0
2015-09-20,0,0,0
2015-09-19,0,0,0
2015-09-18,0,0,0
2015-09-17,0,0,0
2015-09-16,0,0,0
2015-09-15,0,0,0
2015-09-14,0,0,0
2015-09-13,0,0,0
2015-09-12,0,0,0
2015-09-11,0,0,0
2015-09-10,0,0,0
2015-09-09,0,0,0
2015-09-08,0,0,0
2015-09-07,0,0,0
2015-09-06,0,0,0
2015-09-05,0,0,0
2015-09-04,0,0,0
2015-09-03,0,0,0
2015-09-02,0,0,0
2015-09-01,0,0,0
2015-08-31,0,0,0
2015-08-30,0,0,0
2015-08-29,0,0,0
2015-08-28,0,0,0
2015-08-27,0,0,0
2015-08-26,0,0,0
2015-08-25,0,0,0
2015-08-24,0,0,0
2015-08-23,0,0,0
2015-08-22,0,0,0
2015-08-21,0,0,0
2015-08-20,0,0,0
2015-08-19,0,0,0
2015-08-18,0,0,0
2015-08-17,0,0,0
2015-08-16,0,0,0
2015-08-15,0,0,0
2015-08-14,0,0,0
2015-08-13,0,0,0
2015-08-12,0,0,0
2015-08-11,0,0,0
2015-08-10,0,0,0
2015-08-09,0,0,0
2015-08-08,0,0,0
2015-08-07,0,0,0
2015-08-06,0,0,0
2015-08-05,0,0,0
2015-08-04,0,0,0
2015-08-03,0,0,0
2015-08-02,0,0,0
2015-08-01,0,0,0
2015-07-31,0,0,0
2015-07-30,0,0,0
2015-07-29,0,0,0
2015-07-28,0,0,0
2015-07-27,0,0,0
2015-07-26,0,0,0
2015-07-25,0,0,0
2015-07-24,0,0,0
2015-07-23,0,0,0
2015-07-22,0,0,0
2015-07-21,0,0,0
2015-07-20,0,0,0
2015-07-19,0,0,0
2015-07-18,0,0,0
2015-07-17,0,0,0
2015-07-16,0,0,0
2015-07-15,0,0,0
2015-07-14,0,0,0
2015-07-13,0,0,0
2015-07-12,0,0,0
2015-07-11,0,0,0
2015-07-10,0,0,0
2015-07-09,0,0,0
2015-07-08,0,0,0
2015-07-07,0,0,0
2015-07-06,0,0,0
2015-07-05,0,0,0
2015-07-04,0,0,0
2015-07-03,0,0,0
2015-07-02,0,0,0
2015-07-01,0,0,0
2015-06-30,0,0,0
2015-06-29,0,0,0
2015-06-28,0,0,0
2015-06-27,0,0,0
2015-06-26,0,0,0
2015-06-25,0,0,0
2015-06-24,0,0,0
2015-06-23,0,0,0
2015-06-22,0,0,0
2015-06-21,0,0,0
2015-06-20,0,0,0
2015-06-19,0,0,0
2015-06-18,0,0,0
2015-06-17,0,0,0
2015-06-16,0,0,0
2015-06-15,0,0,0
2015-06-14,0,0,0
2015-06-13,0,0,0
2015-06-12,0,0,0
2015-06-11,0,0,0
2015-06-10,0,0,0
2015-06-09,0,0,0
2015-06-08,0,0,0
2015-06-07,0,0,0
2015-06-06,0,0,0
2015-06-05,0,0,0
2015-06-04,0,0,0
2015-06-03,0,0,0
2015-06-02,0,0,0
2015-06-01,0,0,0
2015-05-31,0,0,0
2015-05-30,0,0,0
2015-05-29,0,0,0
2015-05-28,0,0,0
2015-05-27,0,0,0
2015-05-26,0,0,0
2015-05-25,0,0,0
2015-05-24,0,0,0
2015-05-23,0,0,0
2015-05-22,0,0,0
2015-05-21,0,0,0
2015-05-20,0,0,0
2015-05-19,0,0,0
2015-05-18,0,0,0
2015-05-17,0,0,0
2015-05-16,0,0,0
2015-05-15,0,0,0
2015-05-14,0,0,0
2015-05-13,0,0,0
2015-05-12,0,0,0
2015-05-11,0,0,0
2015-05-10,0,0,0
2015-05-09,0,0,0
2015-05-08,0,0,0
2015-05-07,0,0,0
2015-05-06,0,0,0
2015-05-05,0,0,0
2015-05-04,0,0,0
2015-05-03,0,0,0
2015-05-02,0,0,0
2015-05-01,0,0,0
2015-04-30,0,0,0
2015-04-29,0,0,0
2015-04-28,0,0,0
2015-04-27,0,0,0
2015-04-26,0,0,0
2015-04-25,0,0,0
2015-04-24,0,0,0
2015-04-23,0,0,0
2015-04-22,0,0,0
2015-04-21,0,0,0
2015-04-20,0,0,0
2015-04-19,0,0,0
2015-04-18,0,0,0
2015-04-17,0,0,0
2015-04-16,0,0,0
2015-04-15,0,0,0
2015-04-14,0,0,0
2015-04-13,0,0,0
2015-04-12,0,0,0
2015-04-11,0,0,0
2015-04-10,0,0,0
2015-04-09,0,0,0
2015-04-08,0,0,0
2015-04-07,0,0,0
2015-04-06,0,0,0
2015-04-05,0,0,0
2015-04-04,0,0,0
2015-04-03,0,0,0
2015-04-02,0,0,0
2015-04-01,0,0,0
2015-03-31,0,0,0
2015-03-30,0,0,0
2015-03-29,0,0,0
2015-03-28,0,0,0
2015-03-27,0,0,0
2015-03-26,0,0,0
2015-03-25,0,0,0
2015-03-24,0,0,0
2015-03-23,0,0,0
2015-03-22,0,0,0
2015-03-21,0,0,0
2015-03-20,0,0,0
2015-03-19,0,0,0
2015-03-18,0,0,0
2015-03-17,0,0,0
2015-03-16,0,0,0
2015-03-15,0,0,0
2015-03-14,0,0,0
2015-03-13,0,0,0
2015-03-12,0,0,0
2015-03-11,0,0,0
2015-03-10,0,0,0
2015-03-09,0,0,0
2015-03-08,0,0,0
2015-03-07,0,0,0
2015-03-06,0,0,0
2015-03-05,0,0,0
2015-03-04,0,0,0
2015-03-03,0,0,0
2015-03-02,0,0,0
2015-03-01,0,0,0
2015-02-28,0,0,0
2015-02-27,0,0,0
2015-02-26,0,0,0
2015-02-25,0,0,0
2015-02-24,0,0,0
2015-02-23,0,0,0
2015-02-22,0,0,0
2015-02-21,0,0,0
2015-02-20,0,0,0
2015-02-19,0,0,0
2015-02-18,0,0,0
2015-02-17,0,0,0
2015-02-16,0,0,0
2015-02-15,0,0,0
2015-02-14,0,0,0
2015-02-13,0,0,0
2015-02-12,0,0,0
2015-02-11,0,0,0
2015-02-10,0,0,0
2015-02-09,0,0,0
2015-02-08,0,0,0
2015-02-07,0,0,0
2015-02-06,0,0,0
2015-02-05,0,0,0
2015-02-04,0,0,0
2015-02-03,0,0,0
2015-02-02,0,0,0
2015-02-01,0,0,0
2015-01-31,0,0,0
2015-01-30,0,0,0
2015-01-29,0,0,0
2015-01-28,0,0,0
2015-01-27,0,0,0
2015-01-26,0,0,0
2015-01-25,0,0,0
2015-01-24,0,0,0
2015-01-23,0,0,0
2015-01-22,0,0,0
2015-01-21,0,0,0
2015-01-20,0,0,0
2015-01-19,0,0,0
2015-01-18,0,0,0
2015-01-17,0,0,0
2015-01-16,0,0,0
2015-01-15,0,0,0
2015-01-14,0,0,0
2015-01-13,0,0,0
2015-01-12,0,0,0
2015-01-11,0,0,0
2015-01-10,0,0,0
2015-01-09,0,0,0
2015-01-08,0,0,0
2015-01-07,0,0,0
2015-01-06,0,0,0
2015-01-05,0,0,0
2015-01-04,0,0,0
2015-01-03,0,0,0
2015-01-02,0,0,0
2015-01-01,0,0,0